what,kind,bundleId,bundleVersion,description,time
started,bundle,org.eclipse.wst.common.emf,1.1.301.v200908181930,"org.eclipse.wst.common.emf",1286220381513
started,bundle,org.eclipse.wst.common.emfworkbench.integration,1.1.301.v200908101600,"org.eclipse.wst.common.emfworkbench.integration",1286220381514
started,bundle,org.eclipse.wst.common.frameworks,1.1.300.v200904160730,"org.eclipse.wst.common.frameworks",1286220381515
started,bundle,org.eclipse.wst.jsdt.manipulation,1.0.100.v200809240707,"org.eclipse.wst.jsdt.manipulation",1286220381515
started,bundle,org.eclipse.wst.ws.service.policy.ui,1.0.102.v200903070248,"org.eclipse.wst.ws.service.policy.ui",1286220381516
started,bundle,com.collabnet.subversion.merge,1.10.0,"com.collabnet.subversion.merge",1286220381517
started,bundle,org.tigris.subversion.clientadapter,1.6.4.1,"org.tigris.subversion.clientadapter",1286220381517
started,bundle,org.tigris.subversion.subclipse.core,1.6.5,"org.tigris.subversion.subclipse.core",1286220381518
started,bundle,org.tigris.subversion.subclipse.ui,1.6.5,"org.tigris.subversion.subclipse.ui",1286220381519
started,bundle,com.python.pydev.analysis,1.5.4.2010011921,"com.python.pydev.analysis",1286220381520
started,bundle,org.python.pydev,1.5.4.2010011921,"org.python.pydev",1286220381521
started,bundle,org.python.pydev.core,1.5.4.2010011921,"org.python.pydev.core",1286220381521
started,bundle,org.eclipse.jdt.core,3.5.1.xx-20100115-0900-e35-RELEASE,"org.eclipse.jdt.core",1286220381523
started,bundle,org.eclipse.epp.usagedata.gathering,1.1.1.R201001291118,"org.eclipse.epp.usagedata.gathering",1286220381523
started,bundle,org.eclipse.epp.usagedata.recording,1.1.1.R201001291118,"org.eclipse.epp.usagedata.recording",1286220381537
started,bundle,org.eclipse.jem.util,2.0.201.v201001252130,"org.eclipse.jem.util",1286220381538
started,bundle,org.eclipse.jst.jsf.common,1.1.9.v201001271707,"org.eclipse.jst.jsf.common",1286220381539
started,bundle,org.eclipse.jst.jsf.core,1.2.5.v201001271707,"org.eclipse.jst.jsf.core",1286220381540
started,bundle,org.eclipse.team.cvs.ui,3.3.202.r35x_20090930-0800,"org.eclipse.team.cvs.ui",1286220381542
started,bundle,org.eclipse.wst.common.project.facet.core,1.4.1.v200911141735,"org.eclipse.wst.common.project.facet.core",1286220381543
started,bundle,org.eclipse.wst.jsdt.core,1.0.201.v2010012803,"org.eclipse.wst.jsdt.core",1286220381544
started,bundle,org.eclipse.wst.jsdt.ui,1.0.201.v2010012803,"org.eclipse.wst.jsdt.ui",1286220381552
started,bundle,org.eclipse.wst.server.core,1.1.102.v20100123,"org.eclipse.wst.server.core",1286220381553
started,bundle,org.eclipse.wst.server.ui,1.1.103.v20100123,"org.eclipse.wst.server.ui",1286220381553
started,bundle,org.eclipse.wst.web,1.1.301.v200911302230,"org.eclipse.wst.web",1286220381553
started,bundle,org.eclipse.dltk.core,1.0.2.v20100209-1928,"org.eclipse.dltk.core",1286220381555
started,bundle,org.eclipse.dltk.launching,1.0.1.v20090910-1601,"org.eclipse.dltk.launching",1286220381555
started,bundle,org.eclipse.dltk.ui,1.0.2.v20100209-1928,"org.eclipse.dltk.ui",1286220381558
started,bundle,org.eclipse.mylyn.bugzilla.core,3.4.2.v20100902-0100-e3x,"org.eclipse.mylyn.bugzilla.core",1286220381559
started,bundle,org.eclipse.mylyn.bugzilla.ui,3.4.2.v20100909-0100-e3x,"org.eclipse.mylyn.bugzilla.ui",1286220381560
started,bundle,org.eclipse.mylyn.commons.net,3.4.1.v20100625-2100-e3x,"org.eclipse.mylyn.commons.net",1286220381560
started,bundle,org.eclipse.mylyn.commons.ui,3.4.0.v20100608-0100-e3x,"org.eclipse.mylyn.commons.ui",1286220381561
started,bundle,org.eclipse.mylyn.context.core,3.4.1.v20100909-0100-e3x,"org.eclipse.mylyn.context.core",1286220381561
started,bundle,org.eclipse.mylyn.context.ui,3.4.1.v20100909-0100-e3x,"org.eclipse.mylyn.context.ui",1286220381562
started,bundle,org.eclipse.mylyn.monitor.ui,3.4.0.v20100608-0100-e3x,"org.eclipse.mylyn.monitor.ui",1286220381563
started,bundle,org.eclipse.mylyn.tasks.ui,3.4.2.v20100902-0100-e3x,"org.eclipse.mylyn.tasks.ui",1286220381564
started,bundle,org.eclipse.mylyn.team.ui,3.4.2.v20100909-0100-e3x,"org.eclipse.mylyn.team.ui",1286220381565
os,sysinfo,,,"win32",1286220381568
arch,sysinfo,,,"x86",1286220381568
ws,sysinfo,,,"win32",1286220381568
locale,sysinfo,,,"en_IN",1286220381568
processors,sysinfo,,,"2",1286220381569
java.runtime.name,sysinfo,,,"Java(TM) SE Runtime Environment",1286220381569
java.runtime.version,sysinfo,,,"1.6.0_17-b04",1286220381569
java.specification.name,sysinfo,,,"Java Platform API Specification",1286220381569
java.specification.vendor,sysinfo,,,"Sun Microsystems Inc.",1286220381569
java.specification.version,sysinfo,,,"1.6",1286220381569
java.vendor,sysinfo,,,"Sun Microsystems Inc.",1286220381569
java.version,sysinfo,,,"1.6.0_17",1286220381569
java.vm.info,sysinfo,,,"mixed mode",1286220381569
java.vm.name,sysinfo,,,"Java HotSpot(TM) Client VM",1286220381569
java.vm.specification.name,sysinfo,,,"Java Virtual Machine Specification",1286220381569
java.vm.specification.vendor,sysinfo,,,"Sun Microsystems Inc.",1286220381569
java.vm.specification.version,sysinfo,,,"1.0",1286220381569
java.vm.vendor,sysinfo,,,"Sun Microsystems Inc.",1286220381569
java.vm.version,sysinfo,,,"14.3-b01",1286220381569
started,bundle,org.deved.antlride.integration.jdt,2.0.2.201004112039,"org.deved.antlride.integration.jdt",1286220381602
started,bundle,org.deved.antlride.core,2.0.2.201004112039,"org.deved.antlride.core",1286220381606
started,bundle,org.eclipse.debug.ui,3.5.1.v20090811_r351,"org.eclipse.debug.ui",1286220381659
started,bundle,org.deved.antlride.ui,2.0.2.201004112039,"org.deved.antlride.ui",1286220381662
deactivated,workbench,org.eclipse.ui.workbench,3.5.1.M20090826-0800a,"",1286220383632
started,bundle,org.eclipse.ui.cheatsheets,3.3.200.v20090526,"org.eclipse.ui.cheatsheets",1286220390783
activated,workbench,org.eclipse.ui.workbench,3.5.1.M20090826-0800a,"",1286220400551
deactivated,workbench,org.eclipse.ui.workbench,3.5.1.M20090826-0800a,"",1286220402684
activated,workbench,org.eclipse.ui.workbench,3.5.1.M20090826-0800a,"",1286220407895
closed,workbench,org.eclipse.ui.workbench,3.5.1.M20090826-0800a,"",1286220408033
stopped,bundle,org.eclipse.jst.j2ee.xdoclet.runtime,1.1.102.v200805140135,"org.eclipse.jst.j2ee.xdoclet.runtime",1286220408435
stopped,bundle,org.eclipse.jst.j2ee.ejb.annotations.xdoclet,1.2.0.v200805140020,"org.eclipse.jst.j2ee.ejb.annotations.xdoclet",1286220408436
stopped,bundle,org.eclipse.jst.server.generic.jboss,1.6.1.v200904151730,"org.eclipse.jst.server.generic.jboss",1286220408438
stopped,bundle,org.eclipse.jst.server.generic.jonas,1.5.205.v200805140145,"org.eclipse.jst.server.generic.jonas",1286220408438
stopped,bundle,org.eclipse.jst.server.generic.oc4j,1.5.206.v20090812,"org.eclipse.jst.server.generic.oc4j",1286220408439
stopped,bundle,org.eclipse.jst.server.websphere.core,1.0.302.v20080620,"org.eclipse.jst.server.websphere.core",1286220408440
stopped,bundle,org.eclipse.jst.server.generic.ui,1.0.405.v200905022002,"org.eclipse.jst.server.generic.ui",1286220408441
stopped,bundle,org.eclipse.jst.server.generic.core,1.0.506.v20090817,"org.eclipse.jst.server.generic.core",1286220408441
stopped,bundle,org.eclipse.datatools.connectivity.oda.template.ui,3.2.0.v200906020553,"org.eclipse.datatools.connectivity.oda.template.ui",1286220408442
stopped,bundle,org.eclipse.pde.api.tools.ui,1.0.101.v20090820,"org.eclipse.pde.api.tools.ui",1286220408444
stopped,bundle,org.eclipse.pde.runtime,3.4.100.v20090731,"org.eclipse.pde.runtime",1286220408444
stopped,bundle,org.eclipse.pde.ua.ui,1.0.0.v20090511,"org.eclipse.pde.ua.ui",1286220408446
stopped,bundle,org.eclipse.pde.ui.templates,3.4.100.v20090527,"org.eclipse.pde.ui.templates",1286220408447
stopped,bundle,org.eclipse.pde.ds.ui,1.0.0.v20100209-maintenance,"org.eclipse.pde.ds.ui",1286220408448
stopped,bundle,org.eclipse.pde.ui,3.5.1.v201001121200,"org.eclipse.pde.ui",1286220408449
stopped,bundle,org.eclipse.mylyn.ide.ant,3.4.0.v20100608-0100-e3x,"org.eclipse.mylyn.ide.ant",1286220408450
stopped,bundle,org.eclipse.ant.ui,3.4.1.v20090901_r351,"org.eclipse.ant.ui",1286220408450
stopped,bundle,org.eclipse.compare.win32,1.0.0.I20090430-0408,"org.eclipse.compare.win32",1286220408463
stopped,bundle,org.eclipse.jst.server.tomcat.ui,1.1.102.v20090424,"org.eclipse.jst.server.tomcat.ui",1286220408482
stopped,bundle,org.eclipse.jst.server.ui,1.1.0.v20090421,"org.eclipse.jst.server.ui",1286220408503
stopped,bundle,org.maven.ide.eclipse.launching,0.9.8.200905041413,"org.maven.ide.eclipse.launching",1286220408510
activated,perspective,org.eclipse.jst.j2ee.ui,,"org.eclipse.jst.j2ee.J2EEPerspective",1286220588014
started,bundle,org.eclipse.osgi,3.5.1.R35x_v20090827,"org.eclipse.osgi",1286220588014
started,bundle,org.eclipse.equinox.simpleconfigurator,1.0.101.R35x_v20090807-1100,"org.eclipse.equinox.simpleconfigurator",1286220588015
started,bundle,com.ibm.icu,4.0.1.v20090822,"com.ibm.icu",1286220588016
started,bundle,org.eclipse.compare,3.5.0.I20090514-0808,"org.eclipse.compare",1286220588017
started,bundle,org.eclipse.core.contenttype,3.4.1.R35x_v20090826-0451,"org.eclipse.core.contenttype",1286220588017
started,bundle,org.eclipse.core.databinding.observable,1.2.0.M20090902-0800,"org.eclipse.core.databinding.observable",1286220588018
started,bundle,org.eclipse.core.expressions,3.4.100.v20090429-1800,"org.eclipse.core.expressions",1286220588019
started,bundle,org.eclipse.core.filebuffers,3.5.0.v20090526-2000,"org.eclipse.core.filebuffers",1286220588019
started,bundle,org.eclipse.core.filesystem,1.2.0.v20090507,"org.eclipse.core.filesystem",1286220588020
started,bundle,org.eclipse.core.jobs,3.4.100.v20090429-1800,"org.eclipse.core.jobs",1286220588020
started,bundle,org.eclipse.core.net,1.2.1.r35x_20090812-1200,"org.eclipse.core.net",1286220588021
started,bundle,org.eclipse.core.resources,3.5.1.R35x_v20090826-0451,"org.eclipse.core.resources",1286220588022
started,bundle,org.eclipse.core.runtime,3.5.0.v20090525,"org.eclipse.core.runtime",1286220588022
started,bundle,org.eclipse.core.runtime.compatibility,3.2.0.v20090413,"org.eclipse.core.runtime.compatibility",1286220588023
started,bundle,org.eclipse.core.runtime.compatibility.auth,3.2.100.v20090413,"org.eclipse.core.runtime.compatibility.auth",1286220588023
started,bundle,org.eclipse.debug.core,3.5.0.v20090526-1600,"org.eclipse.debug.core",1286220588024
started,bundle,org.eclipse.ecf,3.0.0.v20090831-1906,"org.eclipse.ecf",1286220588025
started,bundle,org.eclipse.ecf.filetransfer,3.0.0.v20090831-1906,"org.eclipse.ecf.filetransfer",1286220588026
started,bundle,org.eclipse.ecf.identity,3.0.0.v20090831-1906,"org.eclipse.ecf.identity",1286220588026
started,bundle,org.eclipse.ecf.provider.filetransfer,3.0.1.v20090831-1906,"org.eclipse.ecf.provider.filetransfer",1286220588027
started,bundle,org.eclipse.ecf.provider.filetransfer.httpclient,3.0.1.v20090831-1906,"org.eclipse.ecf.provider.filetransfer.httpclient",1286220588028
started,bundle,org.eclipse.emf.common,2.5.0.v200906151043,"org.eclipse.emf.common",1286220588029
started,bundle,org.eclipse.emf.common.ui,2.5.0.v200906151043,"org.eclipse.emf.common.ui",1286220588030
started,bundle,org.eclipse.emf.ecore,2.5.0.v200906151043,"org.eclipse.emf.ecore",1286220588030
started,bundle,org.eclipse.emf.ecore.xmi,2.5.0.v200906151043,"org.eclipse.emf.ecore.xmi",1286220588030
started,bundle,org.eclipse.emf.edit,2.5.0.v200906151043,"org.eclipse.emf.edit",1286220588031
started,bundle,org.eclipse.emf.edit.ui,2.5.0.v200906151043,"org.eclipse.emf.edit.ui",1286220588032
started,bundle,org.eclipse.equinox.app,1.2.0.v20090520-1800,"org.eclipse.equinox.app",1286220588033
started,bundle,org.eclipse.equinox.common,3.5.1.R35x_v20090807-1100,"org.eclipse.equinox.common",1286220588033
started,bundle,org.eclipse.equinox.ds,1.1.1.R35x_v20090806,"org.eclipse.equinox.ds",1286220588034
started,bundle,org.eclipse.equinox.frameworkadmin,1.0.100.v20090520-1905,"org.eclipse.equinox.frameworkadmin",1286220588034
started,bundle,org.eclipse.equinox.frameworkadmin.equinox,1.0.100.v20090520-1905,"org.eclipse.equinox.frameworkadmin.equinox",1286220588035
started,bundle,org.eclipse.equinox.p2.artifact.repository,1.0.101.R35x_v20090721,"org.eclipse.equinox.p2.artifact.repository",1286220588036
started,bundle,org.eclipse.equinox.p2.core,1.0.101.R35x_v20090819,"org.eclipse.equinox.p2.core",1286220588042
started,bundle,org.eclipse.equinox.p2.director,1.0.100.v20090520-1905,"org.eclipse.equinox.p2.director",1286220588042
started,bundle,org.eclipse.equinox.p2.directorywatcher,1.0.100.v20090525,"org.eclipse.equinox.p2.directorywatcher",1286220588043
started,bundle,org.eclipse.equinox.p2.engine,1.0.101.R35x_v20090825,"org.eclipse.equinox.p2.engine",1286220588044
started,bundle,org.eclipse.equinox.p2.exemplarysetup,1.0.100.v20090520-1905,"org.eclipse.equinox.p2.exemplarysetup",1286220588044
started,bundle,org.eclipse.equinox.p2.extensionlocation,1.0.100.v20090520-1905,"org.eclipse.equinox.p2.extensionlocation",1286220588045
started,bundle,org.eclipse.equinox.p2.garbagecollector,1.0.100.v20090520-1905,"org.eclipse.equinox.p2.garbagecollector",1286220588045
started,bundle,org.eclipse.equinox.p2.metadata,1.0.100.v20090525,"org.eclipse.equinox.p2.metadata",1286220588046
started,bundle,org.eclipse.equinox.p2.metadata.repository,1.0.101.R35x_v20090812,"org.eclipse.equinox.p2.metadata.repository",1286220588047
started,bundle,org.eclipse.equinox.p2.publisher,1.0.0.v20090527-1812,"org.eclipse.equinox.p2.publisher",1286220588048
started,bundle,org.eclipse.equinox.p2.reconciler.dropins,1.0.100.v20090520-1905,"org.eclipse.equinox.p2.reconciler.dropins",1286220588048
started,bundle,org.eclipse.equinox.p2.repository,1.0.1.v20090901-1041,"org.eclipse.equinox.p2.repository",1286220588049
started,bundle,org.eclipse.equinox.p2.touchpoint.eclipse,1.0.101.R35x_20090820-1821,"org.eclipse.equinox.p2.touchpoint.eclipse",1286220588050
started,bundle,org.eclipse.equinox.p2.ui.sdk.scheduler,1.0.0.v20090520-1905,"org.eclipse.equinox.p2.ui.sdk.scheduler",1286220588051
started,bundle,org.eclipse.equinox.p2.updatechecker,1.1.0.v20090520-1905,"org.eclipse.equinox.p2.updatechecker",1286220588053
started,bundle,org.eclipse.equinox.preferences,3.2.300.v20090520-1800,"org.eclipse.equinox.preferences",1286220588054
started,bundle,org.eclipse.equinox.registry,3.4.100.v20090520-1800,"org.eclipse.equinox.registry",1286220588054
started,bundle,org.eclipse.equinox.security,1.0.100.v20090520-1800,"org.eclipse.equinox.security",1286220588055
started,bundle,org.eclipse.equinox.simpleconfigurator.manipulator,1.0.100.v20090520-1905,"org.eclipse.equinox.simpleconfigurator.manipulator",1286220588056
started,bundle,org.eclipse.equinox.util,1.0.100.v20090520-1800,"org.eclipse.equinox.util",1286220588056
started,bundle,org.eclipse.help,3.4.1.v20090805_35x,"org.eclipse.help",1286220588057
started,bundle,org.eclipse.jdt.core.manipulation,1.3.0.v20090603,"org.eclipse.jdt.core.manipulation",1286220588058
started,bundle,org.eclipse.jdt.ui,3.5.1.r351_v20090821-0800,"org.eclipse.jdt.ui",1286220588061
started,bundle,org.eclipse.jface,3.5.1.M20090826-0800,"org.eclipse.jface",1286220588062
started,bundle,org.eclipse.jsch.core,1.1.100.I20090430-0408,"org.eclipse.jsch.core",1286220588062
started,bundle,org.eclipse.jst.j2ee.webservice,1.1.300.v200901220600,"org.eclipse.jst.j2ee.webservice",1286220588063
started,bundle,org.eclipse.jst.j2ee.webservice.ui,1.1.300.v200902052230,"org.eclipse.jst.j2ee.webservice.ui",1286220588064
started,bundle,org.eclipse.team.core,3.5.0.I20090527-0620,"org.eclipse.team.core",1286220588064
started,bundle,org.eclipse.team.cvs.core,3.3.200.I20090430-0408,"org.eclipse.team.cvs.core",1286220588065
started,bundle,org.eclipse.team.ui,3.5.0.I20090430-0408,"org.eclipse.team.ui",1286220588066
started,bundle,org.eclipse.ui,3.5.1.M20090902-1000,"org.eclipse.ui",1286220588067
started,bundle,org.eclipse.ui.console,3.4.0.v20090513,"org.eclipse.ui.console",1286220588067
started,bundle,org.eclipse.ui.editors,3.5.0.v20090527-2000,"org.eclipse.ui.editors",1286220588068
started,bundle,org.eclipse.ui.forms,3.4.1.v20090714_35x,"org.eclipse.ui.forms",1286220588069
started,bundle,org.eclipse.ui.ide,3.5.1.M20090826-0800,"org.eclipse.ui.ide",1286220588070
started,bundle,org.eclipse.ui.intro,3.3.1.v20090805_35x,"org.eclipse.ui.intro",1286220588071
started,bundle,org.eclipse.ui.navigator,3.4.1.M20090911-1550,"org.eclipse.ui.navigator",1286220588072
started,bundle,org.eclipse.ui.navigator.resources,3.4.1.M20090826-0800,"org.eclipse.ui.navigator.resources",1286220588072
started,bundle,org.eclipse.ui.net,1.2.1.r35x_20090812-1200,"org.eclipse.ui.net",1286220588073
started,bundle,org.eclipse.ui.views,3.4.1.M20090826-0800,"org.eclipse.ui.views",1286220588074
started,bundle,org.eclipse.ui.workbench,3.5.1.M20090826-0800a,"org.eclipse.ui.workbench",1286220588074
started,bundle,org.eclipse.ui.workbench.texteditor,3.5.0.v20090603,"org.eclipse.ui.workbench.texteditor",1286220588076
started,bundle,org.eclipse.update.configurator,3.3.0.v20090312,"org.eclipse.update.configurator",1286220588076
started,bundle,org.eclipse.update.core,3.2.300.v20090525,"org.eclipse.update.core",1286220588077
started,bundle,org.eclipse.update.scheduler,3.2.200.v20081127,"org.eclipse.update.scheduler",1286220588078
started,bundle,org.eclipse.wst.common.emf,1.1.301.v200908181930,"org.eclipse.wst.common.emf",1286220588082
started,bundle,org.eclipse.wst.common.emfworkbench.integration,1.1.301.v200908101600,"org.eclipse.wst.common.emfworkbench.integration",1286220588083
started,bundle,org.eclipse.wst.common.frameworks,1.1.300.v200904160730,"org.eclipse.wst.common.frameworks",1286220588084
started,bundle,org.eclipse.wst.jsdt.manipulation,1.0.100.v200809240707,"org.eclipse.wst.jsdt.manipulation",1286220588085
started,bundle,org.eclipse.wst.ws.service.policy.ui,1.0.102.v200903070248,"org.eclipse.wst.ws.service.policy.ui",1286220588085
started,bundle,com.collabnet.subversion.merge,1.10.0,"com.collabnet.subversion.merge",1286220588086
started,bundle,org.tigris.subversion.clientadapter,1.6.4.1,"org.tigris.subversion.clientadapter",1286220588086
started,bundle,org.tigris.subversion.subclipse.core,1.6.5,"org.tigris.subversion.subclipse.core",1286220588087
started,bundle,org.tigris.subversion.subclipse.ui,1.6.5,"org.tigris.subversion.subclipse.ui",1286220588088
started,bundle,com.python.pydev.analysis,1.5.4.2010011921,"com.python.pydev.analysis",1286220588089
started,bundle,org.python.pydev,1.5.4.2010011921,"org.python.pydev",1286220588089
started,bundle,org.python.pydev.core,1.5.4.2010011921,"org.python.pydev.core",1286220588090
started,bundle,org.eclipse.jdt.core,3.5.1.xx-20100115-0900-e35-RELEASE,"org.eclipse.jdt.core",1286220588092
started,bundle,org.eclipse.epp.usagedata.gathering,1.1.1.R201001291118,"org.eclipse.epp.usagedata.gathering",1286220588092
started,bundle,org.eclipse.epp.usagedata.recording,1.1.1.R201001291118,"org.eclipse.epp.usagedata.recording",1286220588092
started,bundle,org.eclipse.jem.util,2.0.201.v201001252130,"org.eclipse.jem.util",1286220588093
started,bundle,org.eclipse.jst.jsf.common,1.1.9.v201001271707,"org.eclipse.jst.jsf.common",1286220588094
started,bundle,org.eclipse.jst.jsf.core,1.2.5.v201001271707,"org.eclipse.jst.jsf.core",1286220588095
started,bundle,org.eclipse.team.cvs.ui,3.3.202.r35x_20090930-0800,"org.eclipse.team.cvs.ui",1286220588096
started,bundle,org.eclipse.wst.common.project.facet.core,1.4.1.v200911141735,"org.eclipse.wst.common.project.facet.core",1286220588096
started,bundle,org.eclipse.wst.jsdt.core,1.0.201.v2010012803,"org.eclipse.wst.jsdt.core",1286220588097
started,bundle,org.eclipse.wst.jsdt.ui,1.0.201.v2010012803,"org.eclipse.wst.jsdt.ui",1286220588102
started,bundle,org.eclipse.wst.server.core,1.1.102.v20100123,"org.eclipse.wst.server.core",1286220588102
started,bundle,org.eclipse.wst.server.ui,1.1.103.v20100123,"org.eclipse.wst.server.ui",1286220588103
started,bundle,org.eclipse.wst.web,1.1.301.v200911302230,"org.eclipse.wst.web",1286220588103
started,bundle,org.eclipse.dltk.core,1.0.2.v20100209-1928,"org.eclipse.dltk.core",1286220588104
started,bundle,org.eclipse.dltk.launching,1.0.1.v20090910-1601,"org.eclipse.dltk.launching",1286220588105
started,bundle,org.eclipse.dltk.ui,1.0.2.v20100209-1928,"org.eclipse.dltk.ui",1286220588107
started,bundle,org.eclipse.mylyn.bugzilla.core,3.4.2.v20100902-0100-e3x,"org.eclipse.mylyn.bugzilla.core",1286220588108
started,bundle,org.eclipse.mylyn.bugzilla.ui,3.4.2.v20100909-0100-e3x,"org.eclipse.mylyn.bugzilla.ui",1286220588109
started,bundle,org.eclipse.mylyn.commons.net,3.4.1.v20100625-2100-e3x,"org.eclipse.mylyn.commons.net",1286220588109
started,bundle,org.eclipse.mylyn.commons.ui,3.4.0.v20100608-0100-e3x,"org.eclipse.mylyn.commons.ui",1286220588110
started,bundle,org.eclipse.mylyn.context.core,3.4.1.v20100909-0100-e3x,"org.eclipse.mylyn.context.core",1286220588110
started,bundle,org.eclipse.mylyn.context.ui,3.4.1.v20100909-0100-e3x,"org.eclipse.mylyn.context.ui",1286220588111
started,bundle,org.eclipse.mylyn.monitor.ui,3.4.0.v20100608-0100-e3x,"org.eclipse.mylyn.monitor.ui",1286220588111
started,bundle,org.eclipse.mylyn.tasks.ui,3.4.2.v20100902-0100-e3x,"org.eclipse.mylyn.tasks.ui",1286220588113
started,bundle,org.eclipse.mylyn.team.ui,3.4.2.v20100909-0100-e3x,"org.eclipse.mylyn.team.ui",1286220588114
os,sysinfo,,,"win32",1286220588117
arch,sysinfo,,,"x86",1286220588117
ws,sysinfo,,,"win32",1286220588117
locale,sysinfo,,,"en_IN",1286220588117
processors,sysinfo,,,"2",1286220588117
java.runtime.name,sysinfo,,,"Java(TM) SE Runtime Environment",1286220588117
java.runtime.version,sysinfo,,,"1.6.0_17-b04",1286220588117
java.specification.name,sysinfo,,,"Java Platform API Specification",1286220588117
java.specification.vendor,sysinfo,,,"Sun Microsystems Inc.",1286220588117
java.specification.version,sysinfo,,,"1.6",1286220588117
java.vendor,sysinfo,,,"Sun Microsystems Inc.",1286220588117
java.version,sysinfo,,,"1.6.0_17",1286220588117
java.vm.info,sysinfo,,,"mixed mode",1286220588117
java.vm.name,sysinfo,,,"Java HotSpot(TM) Client VM",1286220588117
java.vm.specification.name,sysinfo,,,"Java Virtual Machine Specification",1286220588117
java.vm.specification.vendor,sysinfo,,,"Sun Microsystems Inc.",1286220588117
java.vm.specification.version,sysinfo,,,"1.0",1286220588117
java.vm.vendor,sysinfo,,,"Sun Microsystems Inc.",1286220588117
java.vm.version,sysinfo,,,"14.3-b01",1286220588117
started,bundle,org.deved.antlride.integration.jdt,2.0.2.201004112039,"org.deved.antlride.integration.jdt",1286220588195
started,bundle,org.deved.antlride.core,2.0.2.201004112039,"org.deved.antlride.core",1286220588196
started,bundle,org.eclipse.debug.ui,3.5.1.v20090811_r351,"org.eclipse.debug.ui",1286220588243
started,bundle,org.deved.antlride.ui,2.0.2.201004112039,"org.deved.antlride.ui",1286220588245
deactivated,workbench,org.eclipse.ui.workbench,3.5.1.M20090826-0800a,"",1286220656248
started,bundle,org.eclipse.ui.cheatsheets,3.3.200.v20090526,"org.eclipse.ui.cheatsheets",1286220659950
activated,workbench,org.eclipse.ui.workbench,3.5.1.M20090826-0800a,"",1286220698076
started,bundle,org.python.pydev.debug,1.5.4.2010011921,"org.python.pydev.debug",1286220702790
started,bundle,org.eclipse.wst.xsl.debug.ui,1.0.0.v200904240436,"org.eclipse.wst.xsl.debug.ui",1286220702796
activated,view,org.eclipse.ui.navigator.resources,3.4.1.M20090826-0800,"org.eclipse.ui.navigator.ProjectExplorer",1286220707009
activated,view,org.eclipse.ui.views,3.4.1.M20090826-0800,"org.eclipse.ui.views.ContentOutline",1286220708589
activated,view,org.eclipse.ui.navigator.resources,3.4.1.M20090826-0800,"org.eclipse.ui.navigator.ProjectExplorer",1286220708632
executed,command,org.eclipse.ui.ide,3.5.1.M20090826-0800,"org.eclipse.ui.file.newQuickMenu",1286220719791
executed,command,org.eclipse.ui.ide,3.5.1.M20090826-0800,"org.eclipse.ui.file.newQuickMenu",1286220725744
deactivated,workbench,org.eclipse.ui.workbench,3.5.1.M20090826-0800a,"",1286220733188
started,bundle,org.eclipse.jdt.launching,3.5.0.v20090527,"org.eclipse.jdt.launching",1286220737589
activated,workbench,org.eclipse.ui.workbench,3.5.1.M20090826-0800a,"",1286220755005
deactivated,workbench,org.eclipse.ui.workbench,3.5.1.M20090826-0800a,"",1286220759227
activated,workbench,org.eclipse.ui.workbench,3.5.1.M20090826-0800a,"",1286220792151
deactivated,workbench,org.eclipse.ui.workbench,3.5.1.M20090826-0800a,"",1286220800483
activated,workbench,org.eclipse.ui.workbench,3.5.1.M20090826-0800a,"",1286220815276
closed,workbench,org.eclipse.ui.workbench,3.5.1.M20090826-0800a,"",1286220815461
stopped,bundle,org.eclipse.jst.j2ee.xdoclet.runtime,1.1.102.v200805140135,"org.eclipse.jst.j2ee.xdoclet.runtime",1286220815859
stopped,bundle,org.eclipse.jst.j2ee.ejb.annotations.xdoclet,1.2.0.v200805140020,"org.eclipse.jst.j2ee.ejb.annotations.xdoclet",1286220815859
stopped,bundle,org.eclipse.jst.server.generic.jboss,1.6.1.v200904151730,"org.eclipse.jst.server.generic.jboss",1286220815860
stopped,bundle,org.eclipse.jst.server.generic.jonas,1.5.205.v200805140145,"org.eclipse.jst.server.generic.jonas",1286220815863
stopped,bundle,org.eclipse.jst.server.generic.oc4j,1.5.206.v20090812,"org.eclipse.jst.server.generic.oc4j",1286220815874
stopped,bundle,org.eclipse.jst.server.websphere.core,1.0.302.v20080620,"org.eclipse.jst.server.websphere.core",1286220815875
stopped,bundle,org.eclipse.jst.server.generic.ui,1.0.405.v200905022002,"org.eclipse.jst.server.generic.ui",1286220815876
stopped,bundle,org.eclipse.jst.server.generic.core,1.0.506.v20090817,"org.eclipse.jst.server.generic.core",1286220815877
stopped,bundle,org.eclipse.datatools.connectivity.oda.template.ui,3.2.0.v200906020553,"org.eclipse.datatools.connectivity.oda.template.ui",1286220815877
stopped,bundle,org.eclipse.pde.api.tools.ui,1.0.101.v20090820,"org.eclipse.pde.api.tools.ui",1286220815878
stopped,bundle,org.eclipse.pde.runtime,3.4.100.v20090731,"org.eclipse.pde.runtime",1286220815879
stopped,bundle,org.eclipse.pde.ua.ui,1.0.0.v20090511,"org.eclipse.pde.ua.ui",1286220815880
stopped,bundle,org.eclipse.pde.ui.templates,3.4.100.v20090527,"org.eclipse.pde.ui.templates",1286220815881
stopped,bundle,org.eclipse.pde.ds.ui,1.0.0.v20100209-maintenance,"org.eclipse.pde.ds.ui",1286220815882
stopped,bundle,org.eclipse.pde.ui,3.5.1.v201001121200,"org.eclipse.pde.ui",1286220815883
stopped,bundle,org.eclipse.mylyn.ide.ant,3.4.0.v20100608-0100-e3x,"org.eclipse.mylyn.ide.ant",1286220815884
stopped,bundle,org.eclipse.ant.ui,3.4.1.v20090901_r351,"org.eclipse.ant.ui",1286220815884
stopped,bundle,org.eclipse.compare.win32,1.0.0.I20090430-0408,"org.eclipse.compare.win32",1286220815885
